setup,horizon,n,win_rate,avg_win,avg_loss,expectancy,profit_factor,sharpe,max_dd,total_return
setup_d1_bull_engulf,fwd_ret_M12_2,45,0.5555555555555556,0.0003826410823833692,-0.0005375597068669944,-2.633704617234793e-05,0.8897641450227873,-8.93097923360772,-0.004420121754419415,-0.00118516707775566
setup_d1_bull_engulf,fwd_ret_M12_5,45,0.6222222222222222,0.0005067215305336294,-0.0011760853102569181,-0.00012900549820946632,0.8042615464033066,-12.351123860615514,-0.008324869849416161,-0.003453076798912151
setup_d1_bull_engulf,fwd_ret_M12_10,45,0.5555555555555556,0.001010660487324325,-0.0016303553214477029,-0.00016312431657435392,0.7748774715156044,-15.703688233336077,-0.016952331490558303,-0.007340594245845933
setup_d1_bull_engulf,fwd_ret_H1_1,45,0.6222222222222222,0.0005067215305336294,-0.0011760853102569181,-0.00012900549820946632,0.8042615464033066,-12.351123860615514,-0.008324869849416161,-0.003453076798912151
setup_d1_bull_engulf,fwd_ret_H1_3,45,0.6222222222222222,0.0016859289596401384,-0.0024129706516257334,0.0001374557731619201,1.1507906931848395,9.704827495993404,-0.012681743359477249,0.006185509792286411
setup_d1_bear_engulf,fwd_ret_M12_2,64,0.421875,0.0016785750120376223,-0.0005100126588549718,0.0004132977648028413,2.401717033093503,21.978724414495762,-0.004655063112661062,0.02645105694738184
setup_d1_bear_engulf,fwd_ret_M12_5,64,0.421875,0.0013275452182371877,-0.0006896908061925782,0.00016133064161372933,1.4046137843364555,14.48351419054783,-0.005393109203457813,0.010325161063278673
setup_d1_bear_engulf,fwd_ret_M12_10,64,0.46875,0.0016537408936735869,-0.0016643439636374487,-0.00010899168677290082,0.8767317173354164,-9.563322883070757,-0.016119615215720584,-0.0069754679534656475
setup_d1_bear_engulf,fwd_ret_H1_1,64,0.421875,0.0013275452182371877,-0.0006896908061925782,0.00016133064161372933,1.4046137843364555,14.48351419054783,-0.005393109203457813,0.010325161063278673
setup_d1_bear_engulf,fwd_ret_H1_3,64,0.390625,0.0020541102783206188,-0.002127953392910071,-0.0004943347713355828,0.6187811078404943,-36.968707366057764,-0.03455388523813929,-0.031637425365477305
setup_d1_breakout_up,fwd_ret_M12_2,249,0.5783132530120482,0.0008761198917619814,-0.0006412344877201558,0.00023627165945023674,1.9101696310008824,36.144306423914486,-0.00695276020118174,0.060114112178549284
setup_d1_breakout_up,fwd_ret_M12_5,249,0.5903614457831325,0.0015167769173378312,-0.0008338832318487755,0.0005538558923698237,2.6738300799541204,50.23364324085163,-0.00976665110630559,0.13957788366378363
setup_d1_breakout_up,fwd_ret_M12_10,249,0.6024096385542169,0.0023961628772984156,-0.0011021945302337238,0.0010052496911711797,3.293928353390249,63.24671895072231,-0.016796243206846917,0.2503071731016236
setup_d1_breakout_up,fwd_ret_H1_1,249,0.5903614457831325,0.0015167769173378312,-0.0008338832318487755,0.0005538558923698237,2.6738300799541204,50.23364324085163,-0.00976665110630559,0.13957788366378363
setup_d1_breakout_up,fwd_ret_H1_3,249,0.6827309236947792,0.003198111657722542,-0.0014783303982643862,0.0017144212062246813,4.714942860376876,94.17774799550756,-0.013063532613004303,0.42836921074821005
setup_d1_breakout_down,fwd_ret_M12_2,185,0.5351351351351351,0.0008950691195779095,-0.0006361224035151827,0.00018327197911301255,1.6388233819844982,15.499677087217062,-0.01287527784561715,0.03454143853942251
setup_d1_breakout_down,fwd_ret_M12_5,185,0.5297297297297298,0.0012785403175954067,-0.0009703940256084938,0.00022093335619681573,1.484134075956086,17.82988631345556,-0.017212913866505475,0.040872670896410904
setup_d1_breakout_down,fwd_ret_M12_10,185,0.5135135135135135,0.0014550330311255038,-0.002267801139322734,-0.00035607548422769307,0.6772499461659338,-21.861059824411026,-0.08221661947667958,-0.0658739645821232
setup_d1_breakout_down,fwd_ret_H1_1,185,0.5297297297297298,0.0012785403175954067,-0.0009703940256084938,0.00022093335619681573,1.484134075956086,17.82988631345556,-0.017212913866505475,0.040872670896410904
setup_d1_breakout_down,fwd_ret_H1_3,185,0.43783783783783786,0.0017524684548517284,-0.002648786892344321,-0.0007217507673557805,0.5152937443713967,-38.38593054297436,-0.14155584643271957,-0.13352389196081937
setup_h4_bull_engulf,fwd_ret_M12_2,349,0.6074498567335244,0.0012530348644345013,-0.0007494073694851152,0.00046697587862651427,2.5873816229555446,54.4667562327598,-0.00872780821455399,0.16297458164065348
setup_h4_bull_engulf,fwd_ret_M12_5,349,0.6819484240687679,0.0020230751495438726,-0.0008746926734906746,0.0011014355267449192,5.004270748552078,89.76602388561936,-0.009382872178137158,0.38527569150746743
setup_h4_bull_engulf,fwd_ret_M12_10,349,0.8166189111747851,0.002762717246000102,-0.0008643273436600322,0.0020975858599306214,14.23387253259601,137.7295125298965,-0.007728693061931913,0.732057465115787
setup_h4_bull_engulf,fwd_ret_H1_1,349,0.6819484240687679,0.0020230751495438726,-0.0008746926734906746,0.0011014355267449192,5.004270748552078,89.76602388561936,-0.009382872178137158,0.38527569150746743
setup_h4_bull_engulf,fwd_ret_H1_3,349,0.8939828080229226,0.003495612516230009,-0.0007418291544200092,0.003046370849141039,39.73491224690483,182.62297495116374,-0.002416654329187029,1.0631834263502227
setup_h4_bear_engulf,fwd_ret_M12_2,353,0.38243626062322944,0.0008214997926275583,-0.0011492610414937424,-0.0003955706375096756,0.44469557490321143,-52.89090921693405,-0.13069303931740306,-0.1384871739994218
setup_h4_bear_engulf,fwd_ret_M12_5,353,0.26912181303116145,0.000931927169564708,-0.0020187336838699286,-0.001224646485353525,0.16998352972813893,-120.46816999516817,-0.3519076255442769,-0.43230020932979435
setup_h4_bear_engulf,fwd_ret_M12_10,353,0.17280453257790368,0.0010189425703497194,-0.0031895393800445886,-0.0024622946237441556,0.0667373137679527,-153.1000624001354,-0.5823263136999635,-0.8691900021816871
setup_h4_bear_engulf,fwd_ret_H1_1,353,0.26912181303116145,0.000931927169564708,-0.0020187336838699286,-0.001224646485353525,0.16998352972813893,-120.46816999516817,-0.3519076255442769,-0.43230020932979435
setup_h4_bear_engulf,fwd_ret_H1_3,353,0.10764872521246459,0.0009777844112820626,-0.0035657272810646454,-0.0030766240393955945,0.033080192498024005,-187.26818706267358,-0.6638880844006738,-1.086048285906645
setup_h4_vol_compress,fwd_ret_M12_2,6696,0.5086618876941458,0.0005129366392103335,-0.00045405704647711085,3.7815787072984034e-05,1.1755793275019077,9.530028427628261,-0.028978222521330643,0.2609334800308123
setup_h4_vol_compress,fwd_ret_M12_5,6696,0.5241935483870968,0.000857465452008872,-0.0007356144898291645,9.946773774722556e-05,1.2943417991803696,14.77120225110635,-0.08567957721725294,0.6844263342011518
setup_h4_vol_compress,fwd_ret_M12_10,6696,0.546594982078853,0.0012307670150731747,-0.0011409033004328541,0.00015543979316811143,1.3082443325061999,16.74979490104117,-0.1496369969282796,1.0613611144614656
setup_h4_vol_compress,fwd_ret_H1_1,6696,0.5241935483870968,0.000857465452008872,-0.0007356144898291645,9.946773774722556e-05,1.2943417991803696,14.77120225110635,-0.08567957721725294,0.6844263342011518
setup_h4_vol_compress,fwd_ret_H1_3,6696,0.5548088410991637,0.0015228525613712196,-0.0015050332151870648,0.00017486458348587826,1.2656515118190679,15.585805208675694,-0.3287714199936532,1.1874486163884992
setup_h1_bull_engulf,fwd_ret_M12_2,1414,0.7878359264497878,0.0011513900652627789,-0.000519052561698414,0.0007969821528947746,8.320317145070426,122.4577278883419,-0.0077893900149758055,1.1284899218783067
setup_h1_bull_engulf,fwd_ret_M12_5,1414,0.8493635077793493,0.0019033655914543904,-0.0007598968936305128,0.0015021810728383476,14.189748278697003,152.54330467622532,-0.014286234794847696,2.1248439338870546
setup_h1_bull_engulf,fwd_ret_M12_10,1414,0.751060820367751,0.0025042705468975054,-0.0015558868226408997,0.001493538302146785,4.897814503211955,101.110968474281,-0.027776850183131363,2.1165308197034767
setup_h1_bull_engulf,fwd_ret_H1_1,1414,0.8493635077793493,0.0019033655914543904,-0.0007598968936305128,0.0015021810728383476,14.189748278697003,152.54330467622532,-0.014286234794847696,2.1248439338870546
setup_h1_bull_engulf,fwd_ret_H1_3,1414,0.7008486562942009,0.003062856761221487,-0.0022574953764384594,0.0014712662702524933,3.186111872410843,73.87813671054184,-0.03744655363077287,2.0826280015134633
setup_h1_bear_engulf,fwd_ret_M12_2,1330,0.22932330827067668,0.0004967862822540038,-0.0012544688885445826,-0.0008528652591509218,0.11806846192778489,-122.01625276630463,-0.6789225577610227,-1.1318018568936368
setup_h1_bear_engulf,fwd_ret_M12_5,1330,0.1593984962406015,0.000800147422652903,-0.0019857475064077013,-0.0015416800440311237,0.07668256914718291,-136.68108907385306,-0.8708083775860999,-2.042491468535764
setup_h1_bear_engulf,fwd_ret_M12_10,1330,0.26766917293233083,0.0015227568784476945,-0.0028251500409856925,-0.0016613493918741992,0.19822740373138797,-92.27579823203746,-0.890044322741093,-2.1926437909467715
setup_h1_bear_engulf,fwd_ret_H1_1,1330,0.1593984962406015,0.000800147422652903,-0.0019857475064077013,-0.0015416800440311237,0.07668256914718291,-136.68108907385306,-0.8708083775860999,-2.042491468535764
setup_h1_bear_engulf,fwd_ret_H1_3,1329,0.3288186606471031,0.0021084239467493576,-0.0031871698495111274,-0.0014458797900936465,0.32445648931175286,-72.08783351369333,-0.8551014369246351,-1.9183870711849447
setup_h1_trend_pullback_long,fwd_ret_M12_2,45522,0.5328851983656254,0.000814373644727366,-0.0007236400315744527,9.594469141068678e-05,1.2903946677666054,17.489112768742935,-0.058152655765011496,4.44574736580732
setup_h1_trend_pullback_long,fwd_ret_M12_5,45521,0.5292282682717866,0.0013355769786459206,-0.0011825526055600994,0.00015011275357320654,1.2741602269887813,16.397364795119728,-0.2369678960215834,6.923156653428505
setup_h1_trend_pullback_long,fwd_ret_M12_10,45518,0.5252207917746825,0.0019513552639714821,-0.0017258559523863582,0.00020549183419184996,1.2536837063032047,15.337602331832773,-0.532204167877566,9.439870106363943
setup_h1_trend_pullback_long,fwd_ret_H1_1,45521,0.5292282682717866,0.0013355769786459206,-0.0011825526055600994,0.00015011275357320654,1.2741602269887813,16.397364795119728,-0.2369678960215834,6.923156653428505
setup_h1_trend_pullback_long,fwd_ret_H1_3,45517,0.5263088516378496,0.0024734720321012557,-0.0021825503754380566,0.00026795543107405455,1.2613454609434587,15.946899309065738,-0.7449470537460322,12.277281720088952
confluence_d1_h4_h1_long,fwd_ret_M12_2,29750,0.5728067226890756,0.000863975132766421,-0.0006670514986324278,0.00020993084844884215,1.7457691590862212,38.3872403590035,-0.031715670232352666,6.289468140262796
confluence_d1_h4_h1_long,fwd_ret_M12_5,29750,0.5949915966386554,0.0014398905980725256,-0.0009947220411753975,0.0004538520202473751,2.1348724578536564,51.508119864675294,-0.07348997444677652,13.548849538294654
confluence_d1_h4_h1_long,fwd_ret_M12_10,29750,0.6136134453781512,0.0021100277796253972,-0.0013562954173957334,0.0007706871023226106,2.4770892631875454,60.95206213531885,-0.1819056031562809,22.96863015661954
confluence_d1_h4_h1_long,fwd_ret_H1_1,29750,0.5949915966386554,0.0014398905980725256,-0.0009947220411753975,0.0004538520202473751,2.1348724578536564,51.508119864675294,-0.07348997444677652,13.548849538294654
confluence_d1_h4_h1_long,fwd_ret_H1_3,29750,0.6250420168067227,0.002683319162080047,-0.0016517829828850696,0.001057838004867076,2.713578124284563,67.1177651624388,-0.2820901207684525,31.508671653401876
confluence_d1_h4_h1_short,fwd_ret_M12_2,21657,0.43861107263240523,0.0007126808226091175,-0.000979226899221678,-0.00023713743855442357,0.5717306655381106,-33.81543220205018,-0.9938621145220808,-5.071056531424521
confluence_d1_h4_h1_short,fwd_ret_M12_5,21657,0.42891443874959595,0.0010768148342787916,-0.001629050680449937,-0.00046846589186817767,0.4979400967063087,-42.68555111471797,-0.999960870266801,-10.085290945012478
confluence_d1_h4_h1_short,fwd_ret_M12_10,21657,0.42401994736113036,0.0014595529925294816,-0.002396878500910184,-0.0007616746220600915,0.44925585155737274,-48.37667164413598,-0.9999999365663083,-16.43087157043083
confluence_d1_h4_h1_short,fwd_ret_H1_1,21657,0.42891443874959595,0.0010768148342787916,-0.001629050680449937,-0.00046846589186817767,0.4979400967063087,-42.68555111471797,-0.999960870266801,-10.085290945012478
confluence_d1_h4_h1_short,fwd_ret_H1_3,21657,0.41875606039617674,0.001822336146018862,-0.002994374882921744,-0.000977347948375761,0.4391526907995905,-50.91700395479419,-0.9999999994446872,-21.106537020315425
