setup,context,horizon,n,win_rate,expectancy,profit_factor
setup_h4_bull_engulf,d1_strong_up,M12_2,87,0.6206896551724138,0.0006927018232041054,3.081938815465455
setup_h4_bull_engulf,d1_strong_up,M12_5,87,0.7126436781609196,0.0013664390908238995,5.286427183817676
setup_h4_bull_engulf,d1_strong_up,M12_10,87,0.8275862068965517,0.0022293045951654053,9.372453338999643
setup_h4_bull_engulf,d1_strong_up,H1_1,87,0.7126436781609196,0.0013664390908238995,5.286427183817676
setup_h4_bull_engulf,d1_strong_up,H1_3,87,0.8735632183908046,0.003147019364567064,38.29606348296428
setup_h4_bull_engulf,d1_strong_down,M12_2,87,0.5977011494252874,0.0003294176204942421,2.3218701649529696
setup_h4_bull_engulf,d1_strong_down,M12_5,87,0.632183908045977,0.0009663456276074443,4.4450900882132975
setup_h4_bull_engulf,d1_strong_down,M12_10,87,0.7931034482758621,0.0017368992910863652,13.012908831170042
setup_h4_bull_engulf,d1_strong_down,H1_1,87,0.632183908045977,0.0009663456276074443,4.4450900882132975
setup_h4_bull_engulf,d1_strong_down,H1_3,87,0.8620689655172413,0.0025639233059131165,20.88037408571347
setup_h4_bull_engulf,d1_neutral,M12_2,175,0.6057142857142858,0.00042314394307941313,2.4229118054876024
setup_h4_bull_engulf,d1_neutral,M12_5,175,0.6914285714285714,0.0010370957051430854,5.13632062798583
setup_h4_bull_engulf,d1_neutral,M12_10,175,0.8228571428571428,0.002211415582925044,20.77225278269194
setup_h4_bull_engulf,d1_neutral,H1_1,175,0.6914285714285714,0.0010370957051430854,5.13632062798583
setup_h4_bull_engulf,d1_neutral,H1_3,175,0.92,0.0032361795086768403,64.72945758990886
setup_h4_bull_engulf,h4_up,M12_2,161,0.577639751552795,0.0003797552613615716,2.0478809954849706
setup_h4_bull_engulf,h4_up,M12_5,161,0.6459627329192547,0.0009094824368117201,3.5393571006713893
setup_h4_bull_engulf,h4_up,M12_10,161,0.8012422360248447,0.0021260750665609983,11.804219030240938
setup_h4_bull_engulf,h4_up,H1_1,161,0.6459627329192547,0.0009094824368117201,3.5393571006713893
setup_h4_bull_engulf,h4_up,H1_3,161,0.9006211180124224,0.0033479021197968706,46.38873147980254
setup_h4_bull_engulf,h4_down,M12_2,188,0.6329787234042553,0.0005416701306459602,3.297598687559579
setup_h4_bull_engulf,h4_down,M12_5,188,0.7127659574468085,0.001266604246662162,7.195293310526751
setup_h4_bull_engulf,h4_down,M12_10,188,0.8297872340425532,0.0020731881882950325,17.490729872130235
setup_h4_bull_engulf,h4_down,H1_1,188,0.7127659574468085,0.001266604246662162,7.195293310526751
setup_h4_bull_engulf,h4_down,H1_3,188,0.8882978723404256,0.002788144601398545,34.660670026431504
setup_h4_bull_engulf,h1_up,M12_2,139,0.5899280575539568,0.0004313969199515466,2.1987975195845264
setup_h4_bull_engulf,h1_up,M12_5,139,0.6762589928057554,0.0010202203303139028,4.091747021158771
setup_h4_bull_engulf,h1_up,M12_10,139,0.8345323741007195,0.0020271817059239012,11.376401206789318
setup_h4_bull_engulf,h1_up,H1_1,139,0.6762589928057554,0.0010202203303139028,4.091747021158771
setup_h4_bull_engulf,h1_up,H1_3,139,0.9064748201438849,0.003050522643218929,38.23593194056672
setup_h4_bull_engulf,h1_down,M12_2,210,0.6190476190476191,0.0004905257607970882,2.9565671606739405
setup_h4_bull_engulf,h1_down,M12_5,210,0.6857142857142857,0.0011556689042822393,5.835576056043453
setup_h4_bull_engulf,h1_down,M12_10,210,0.8047619047619048,0.002144186704725546,16.989309032062522
setup_h4_bull_engulf,h1_down,H1_1,210,0.6857142857142857,0.0011556689042822393,5.835576056043453
setup_h4_bull_engulf,h1_down,H1_3,210,0.8857142857142857,0.003043622756870436,40.79776051568866
setup_h4_bull_engulf,vol_low,M12_2,115,0.6,0.00017831882275813252,2.0035022725797615
setup_h4_bull_engulf,vol_low,M12_5,115,0.591304347826087,0.0003844444987848048,2.8435219309942608
setup_h4_bull_engulf,vol_low,M12_10,115,0.8,0.0010361136864082032,8.651194241128719
setup_h4_bull_engulf,vol_low,H1_1,115,0.591304347826087,0.0003844444987848048,2.8435219309942608
setup_h4_bull_engulf,vol_low,H1_3,115,0.8521739130434782,0.0016401971815946483,14.726037871525108
setup_h4_bull_engulf,vol_high,M12_2,119,0.6722689075630253,0.0009386935494245,3.426633015942937
setup_h4_bull_engulf,vol_high,M12_5,119,0.7983193277310925,0.0021085951204462767,8.926892168422395
setup_h4_bull_engulf,vol_high,M12_10,119,0.8571428571428571,0.003432131672588567,18.07104747851342
setup_h4_bull_engulf,vol_high,H1_1,119,0.7983193277310925,0.0021085951204462767,8.926892168422395
setup_h4_bull_engulf,vol_high,H1_3,119,0.9411764705882353,0.004742534022806736,97.60534920628355
setup_h4_bull_engulf,vol_normal,M12_2,115,0.5478260869565217,0.0002675076925387194,1.8497940522136436
setup_h4_bull_engulf,vol_normal,M12_5,115,0.6521739130434783,0.0007792538129968655,3.2240349758903672
setup_h4_bull_engulf,vol_normal,M12_10,115,0.7913043478260869,0.0017780932360069925,13.92636938515321
setup_h4_bull_engulf,vol_normal,H1_1,115,0.6521739130434783,0.0007792538129968655,3.2240349758903672
setup_h4_bull_engulf,vol_normal,H1_3,115,0.8869565217391304,0.0026973843630681417,40.446530446407614
setup_h1_bull_engulf,d1_strong_up,M12_2,354,0.8192090395480226,0.0009197027879138852,9.934346967119794
setup_h1_bull_engulf,d1_strong_up,M12_5,354,0.8898305084745762,0.0017563215102345334,22.65515941670551
setup_h1_bull_engulf,d1_strong_up,M12_10,354,0.8248587570621468,0.0021770783342130026,11.77361467676392
setup_h1_bull_engulf,d1_strong_up,H1_1,354,0.8898305084745762,0.0017563215102345334,22.65515941670551
setup_h1_bull_engulf,d1_strong_up,H1_3,354,0.7994350282485876,0.002625966854252575,9.980045674203936
setup_h1_bull_engulf,d1_strong_down,M12_2,354,0.768361581920904,0.0006715888692742499,5.7959341504252295
setup_h1_bull_engulf,d1_strong_down,M12_5,354,0.827683615819209,0.0012670701969616353,10.639471865142442
setup_h1_bull_engulf,d1_strong_down,M12_10,354,0.6129943502824858,0.0005989552610948086,1.8737390211859042
setup_h1_bull_engulf,d1_strong_down,H1_1,354,0.827683615819209,0.0012670701969616353,10.639471865142442
setup_h1_bull_engulf,d1_strong_down,H1_3,354,0.5451977401129944,-3.984802063282367e-05,0.9781461187031393
setup_h1_bull_engulf,d1_neutral,M12_2,706,0.7818696883852692,0.000798610167781944,9.293539334335394
setup_h1_bull_engulf,d1_neutral,M12_5,706,0.839943342776204,0.0014926298914585653,13.283014628345018
setup_h1_bull_engulf,d1_neutral,M12_10,706,0.78328611898017,0.001600016178406171,5.952710407692836
setup_h1_bull_engulf,d1_neutral,H1_1,706,0.839943342776204,0.0014926298914585653,13.283014628345018
setup_h1_bull_engulf,d1_neutral,H1_3,706,0.7294617563739377,0.0016487321074680475,4.352405108207995
setup_h1_bull_engulf,h4_up,M12_2,838,0.8007159904534606,0.0008509445373227221,8.692693118739248
setup_h1_bull_engulf,h4_up,M12_5,838,0.8675417661097852,0.0016734328406045008,17.35960427365356
setup_h1_bull_engulf,h4_up,M12_10,838,0.7995226730310262,0.0018489935053585455,7.04726239113627
setup_h1_bull_engulf,h4_up,H1_1,838,0.8675417661097852,0.0016734328406045008,17.35960427365356
setup_h1_bull_engulf,h4_up,H1_3,838,0.7398568019093079,0.0019208644266300384,4.905797652750767
setup_h1_bull_engulf,h4_down,M12_2,576,0.7690972222222222,0.0007185804037554916,7.757586928488802
setup_h1_bull_engulf,h4_down,M12_5,576,0.8229166666666666,0.0012530571007794752,10.585036000021546
setup_h1_bull_engulf,h4_down,M12_10,576,0.6805555555555556,0.0009764179667659834,2.970111947268694
setup_h1_bull_engulf,h4_down,H1_1,576,0.8229166666666666,0.0012530571007794752,10.585036000021546
setup_h1_bull_engulf,h4_down,H1_3,576,0.6440972222222222,0.0008177815384068825,1.8722206868806253
setup_h1_bull_engulf,h1_up,M12_2,712,0.7921348314606742,0.000783066590628704,7.78552044725587
setup_h1_bull_engulf,h1_up,M12_5,712,0.8455056179775281,0.0015193510110543115,13.399935980648836
setup_h1_bull_engulf,h1_up,M12_10,712,0.7640449438202247,0.0016279645885671765,5.614031166976761
setup_h1_bull_engulf,h1_up,H1_1,712,0.8455056179775281,0.0015193510110543115,13.399935980648836
setup_h1_bull_engulf,h1_up,H1_3,712,0.7064606741573034,0.0016317663170997932,3.8837457971221334
setup_h1_bull_engulf,h1_down,M12_2,702,0.7834757834757835,0.0008111512794402414,8.932010136141235
setup_h1_bull_engulf,h1_down,M12_5,702,0.8532763532763533,0.0014848175506041576,15.122675457713065
setup_h1_bull_engulf,h1_down,M12_10,702,0.7378917378917379,0.0013572571824243442,4.278182682683865
setup_h1_bull_engulf,h1_down,H1_1,702,0.8532763532763533,0.0014848175506041576,15.122675457713065
setup_h1_bull_engulf,h1_down,H1_3,702,0.6951566951566952,0.0013089319124295737,2.6733950807572535
setup_h1_bull_engulf,vol_low,M12_2,467,0.8008565310492506,0.0005179296505361051,10.712683122549139
setup_h1_bull_engulf,vol_low,M12_5,467,0.8629550321199143,0.001016886322613405,24.101953059944105
setup_h1_bull_engulf,vol_low,M12_10,467,0.7558886509635975,0.001101821128082647,6.148336398303252
setup_h1_bull_engulf,vol_low,H1_1,467,0.8629550321199143,0.001016886322613405,24.101953059944105
setup_h1_bull_engulf,vol_low,H1_3,467,0.6937901498929336,0.0010993429456097928,3.6508746183637366
setup_h1_bull_engulf,vol_high,M12_2,481,0.7650727650727651,0.0010936582216980715,7.597125327341064
setup_h1_bull_engulf,vol_high,M12_5,481,0.8316008316008316,0.0020646870003355805,11.381523311725639
setup_h1_bull_engulf,vol_high,M12_10,481,0.7276507276507277,0.0018559450136066585,3.8697210992025166
setup_h1_bull_engulf,vol_high,H1_1,481,0.8316008316008316,0.0020646870003355805,11.381523311725639
setup_h1_bull_engulf,vol_high,H1_3,481,0.681912681912682,0.001828877920450595,2.685732717917917
setup_h1_bull_engulf,vol_normal,M12_2,466,0.7982832618025751,0.0007714308701839934,8.278970400302725
setup_h1_bull_engulf,vol_normal,M12_5,466,0.8540772532188842,0.001408834898115103,15.632780295389718
setup_h1_bull_engulf,vol_normal,M12_10,466,0.7703862660944206,0.0015162131542837249,6.374957112031724
setup_h1_bull_engulf,vol_normal,H1_1,466,0.8540772532188842,0.001408834898115103,15.632780295389718
setup_h1_bull_engulf,vol_normal,H1_3,466,0.7274678111587983,0.0014756704492145207,3.9076397619172236
setup_d1_breakout_up,d1_strong_up,M12_2,62,0.6612903225806451,0.0006080892284181538,2.8963771152315916
setup_d1_breakout_up,d1_strong_up,M12_5,62,0.6774193548387096,0.0012604051454325972,4.001495390001547
setup_d1_breakout_up,d1_strong_up,M12_10,62,0.7258064516129032,0.0020635367686321657,5.497242290973336
setup_d1_breakout_up,d1_strong_up,H1_1,62,0.6774193548387096,0.0012604051454325972,4.001495390001547
setup_d1_breakout_up,d1_strong_up,H1_3,62,0.7741935483870968,0.0031756482204362674,6.622860816810354
setup_d1_breakout_up,d1_strong_down,M12_2,62,0.5645161290322581,0.00014570827140324703,1.6242719103078096
setup_d1_breakout_up,d1_strong_down,M12_5,62,0.4838709677419355,0.0003833505650857744,2.1630267297971613
setup_d1_breakout_up,d1_strong_down,M12_10,62,0.5,0.0007709981182390847,2.69666740982993
setup_d1_breakout_up,d1_strong_down,H1_1,62,0.4838709677419355,0.0003833505650857744,2.1630267297971613
setup_d1_breakout_up,d1_strong_down,H1_3,62,0.5483870967741935,0.0010677417507483757,2.9366264949050036
setup_d1_breakout_up,d1_neutral,M12_2,125,0.544,9.789218724288253e-05,1.4158561752453422
setup_d1_breakout_up,d1_neutral,M12_5,125,0.6,0.0002899638998795994,2.0179766975303712
setup_d1_breakout_up,d1_neutral,M12_10,125,0.592,0.000596528080924849,2.420443267720638
setup_d1_breakout_up,d1_neutral,H1_1,125,0.6,0.0002899638998795994,2.0179766975303712
setup_d1_breakout_up,d1_neutral,H1_3,125,0.704,0.0013119854587413991,4.584403754193326
setup_d1_breakout_up,h4_up,M12_2,190,0.5894736842105263,0.00028994675143184103,2.104638402805775
setup_d1_breakout_up,h4_up,M12_5,190,0.6052631578947368,0.0006518868605356091,3.013556466656213
setup_d1_breakout_up,h4_up,M12_10,190,0.6210526315789474,0.0011836732738733217,3.7784196998072312
setup_d1_breakout_up,h4_up,H1_1,190,0.6052631578947368,0.0006518868605356091,3.013556466656213
setup_d1_breakout_up,h4_up,H1_3,190,0.6789473684210526,0.001968348653347762,5.325388713072517
setup_d1_breakout_up,h4_down,M12_2,59,0.5423728813559322,6.23694109529803e-05,1.2459977489024636
setup_d1_breakout_up,h4_down,M12_5,59,0.5423728813559322,0.00023747228353343026,1.6663111714818317
setup_d1_breakout_up,h4_down,M12_10,59,0.5423728813559322,0.0004306652722998727,1.901910007556755
setup_d1_breakout_up,h4_down,H1_1,59,0.5423728813559322,0.00023747228353343026,1.6663111714818317
setup_d1_breakout_up,h4_down,H1_3,59,0.6949152542372882,0.000897226132801272,2.8566152397405955
setup_d1_breakout_up,h1_up,M12_2,184,0.5815217391304348,0.0002663435341054864,2.0163962993224493
setup_d1_breakout_up,h1_up,M12_5,184,0.592391304347826,0.0005707331007308177,2.772628228407421
setup_d1_breakout_up,h1_up,M12_10,184,0.6195652173913043,0.0009966816062485723,3.1596377612399382
setup_d1_breakout_up,h1_up,H1_1,184,0.592391304347826,0.0005707331007308177,2.772628228407421
setup_d1_breakout_up,h1_up,H1_3,184,0.6739130434782609,0.001755773965315989,4.694120994166126
setup_d1_breakout_up,h1_down,M12_2,65,0.5692307692307692,0.00015056125788569024,1.5919936339317324
setup_d1_breakout_up,h1_down,M12_5,65,0.5846153846153846,0.0005063758738123822,2.4177578530526245
setup_d1_breakout_up,h1_down,M12_10,65,0.5538461538461539,0.0010295039623367125,3.765138263514338
setup_d1_breakout_up,h1_down,H1_1,65,0.5846153846153846,0.0005063758738123822,2.4177578530526245
setup_d1_breakout_up,h1_down,H1_3,65,0.7076923076923077,0.0015971955799305884,4.781576508167626
setup_d1_breakout_up,vol_low,M12_2,82,0.5487804878048781,1.4838298651279335e-05,1.176230780192058
setup_d1_breakout_up,vol_low,M12_5,82,0.47560975609756095,-1.0436075362022944e-05,0.9753626070421201
setup_d1_breakout_up,vol_low,M12_10,82,0.5609756097560976,0.0002715306218970514,2.217386599702193
setup_d1_breakout_up,vol_low,H1_1,82,0.47560975609756095,-1.0436075362022944e-05,0.9753626070421201
setup_d1_breakout_up,vol_low,H1_3,82,0.6341463414634146,0.0007023160799593767,3.1234423905014346
setup_d1_breakout_up,vol_high,M12_2,85,0.5647058823529412,0.0005413687458047676,2.039439719774505
setup_d1_breakout_up,vol_high,M12_5,85,0.6823529411764706,0.0013159286671047387,3.376457748336192
setup_d1_breakout_up,vol_high,M12_10,85,0.6352941176470588,0.001993579718752256,3.7756718439911205
setup_d1_breakout_up,vol_high,H1_1,85,0.6823529411764706,0.0013159286671047387,3.376457748336192
setup_d1_breakout_up,vol_high,H1_3,85,0.6941176470588235,0.002994648917138503,4.993325981353142
setup_d1_breakout_up,vol_normal,M12_2,82,0.6219512195121951,0.00014996573806357207,2.0638023386633013
setup_d1_breakout_up,vol_normal,M12_5,82,0.6097560975609756,0.00033606462732051884,2.5093079177625817
setup_d1_breakout_up,vol_normal,M12_10,82,0.6097560975609756,0.0007144803172210204,2.967482900985119
setup_d1_breakout_up,vol_normal,H1_1,82,0.6097560975609756,0.00033606462732051884,2.5093079177625817
setup_d1_breakout_up,vol_normal,H1_3,82,0.7195121951219512,0.0014058962088296487,5.803795270651755
confluence_d1_h4_h1_long,d1_strong_up,M12_2,7438,0.5855068566819037,0.0002469948648559061,1.9275910227478499
confluence_d1_h4_h1_long,d1_strong_up,M12_5,7438,0.626109169131487,0.0005486456294159115,2.4738362288896716
confluence_d1_h4_h1_long,d1_strong_up,M12_10,7438,0.6531325625168056,0.0009956367931778663,3.1479164124956567
confluence_d1_h4_h1_long,d1_strong_up,H1_1,7438,0.626109169131487,0.0005486456294159115,2.4738362288896716
confluence_d1_h4_h1_long,d1_strong_up,H1_3,7438,0.6746437214304921,0.0014649242657152578,4.000645939355673
confluence_d1_h4_h1_long,d1_strong_down,M12_2,7438,0.5310567356816348,6.159860750402745e-05,1.2183940198020273
confluence_d1_h4_h1_long,d1_strong_down,M12_5,7438,0.5334767410594246,0.0001025818372600867,1.2429826457585367
confluence_d1_h4_h1_long,d1_strong_down,M12_10,7438,0.516402258671686,9.122846337237807e-05,1.151433879043074
confluence_d1_h4_h1_long,d1_strong_down,H1_1,7438,0.5334767410594246,0.0001025818372600867,1.2429826457585367
confluence_d1_h4_h1_long,d1_strong_down,H1_3,7438,0.5014788921753159,2.6440278924784932e-05,1.0341937289566956
confluence_d1_h4_h1_long,d1_neutral,M12_2,14874,0.5873336022589754,0.0002655717591886841,1.92540785779686
confluence_d1_h4_h1_long,d1_neutral,M12_5,14874,0.6101922818340729,0.0005821383796592391,2.458362639701085
confluence_d1_h4_h1_long,d1_neutral,M12_10,14874,0.6424633588812694,0.0009979936666245374,2.981482937905672
confluence_d1_h4_h1_long,d1_neutral,H1_1,14874,0.6101922818340729,0.0005821383796592391,2.458362639701085
confluence_d1_h4_h1_long,d1_neutral,H1_3,14874,0.6620276993411321,0.0013699791533325623,3.3272821041799667
confluence_d1_h4_h1_long,h4_up,M12_2,29750,0.5728067226890756,0.00020993084844884215,1.7457691590862212
confluence_d1_h4_h1_long,h4_up,M12_5,29750,0.5949915966386554,0.0004538520202473751,2.1348724578536564
confluence_d1_h4_h1_long,h4_up,M12_10,29750,0.6136134453781512,0.0007706871023226106,2.4770892631875454
confluence_d1_h4_h1_long,h4_up,H1_1,29750,0.5949915966386554,0.0004538520202473751,2.1348724578536564
confluence_d1_h4_h1_long,h4_up,H1_3,29750,0.6250420168067227,0.001057838004867076,2.713578124284563
confluence_d1_h4_h1_long,h1_up,M12_2,29750,0.5728067226890756,0.00020993084844884215,1.7457691590862212
confluence_d1_h4_h1_long,h1_up,M12_5,29750,0.5949915966386554,0.0004538520202473751,2.1348724578536564
confluence_d1_h4_h1_long,h1_up,M12_10,29750,0.6136134453781512,0.0007706871023226106,2.4770892631875454
confluence_d1_h4_h1_long,h1_up,H1_1,29750,0.5949915966386554,0.0004538520202473751,2.1348724578536564
confluence_d1_h4_h1_long,h1_up,H1_3,29750,0.6250420168067227,0.001057838004867076,2.713578124284563
confluence_d1_h4_h1_long,vol_low,M12_2,9818,0.560297412915054,0.00012658882395434701,1.653002674798841
confluence_d1_h4_h1_long,vol_low,M12_5,9818,0.588816459564066,0.00031192778896898225,2.160861071592366
confluence_d1_h4_h1_long,vol_low,M12_10,9818,0.6143817478101447,0.0005710476705779787,2.591403639291462
confluence_d1_h4_h1_long,vol_low,H1_1,9818,0.588816459564066,0.00031192778896898225,2.160861071592366
confluence_d1_h4_h1_long,vol_low,H1_3,9818,0.6141780403340803,0.0007676918337653494,2.7323351392805115
confluence_d1_h4_h1_long,vol_high,M12_2,10115,0.5895205140879881,0.0003010803182066097,1.7948649180851792
confluence_d1_h4_h1_long,vol_high,M12_5,10115,0.6049431537320811,0.0006235276903072284,2.1659964126394766
confluence_d1_h4_h1_long,vol_high,M12_10,10115,0.6109738012852199,0.0009757777399514744,2.402749562196226
confluence_d1_h4_h1_long,vol_high,H1_1,10115,0.6049431537320811,0.0006235276903072284,2.1659964126394766
confluence_d1_h4_h1_long,vol_high,H1_3,10115,0.625308947108255,0.0012838467046022992,2.561814639403727
confluence_d1_h4_h1_long,vol_normal,M12_2,9817,0.5680961597229296,0.00019991954748064985,1.742036426797106
confluence_d1_h4_h1_long,vol_normal,M12_5,9817,0.5909137210960579,0.0004216999795468502,2.0733435329351075
confluence_d1_h4_h1_long,vol_normal,M12_10,9817,0.6155648365080982,0.000759437330131227,2.501192723512525
confluence_d1_h4_h1_long,vol_normal,H1_1,9817,0.5909137210960579,0.0004216999795468502,2.0733435329351075
confluence_d1_h4_h1_long,vol_normal,H1_3,9817,0.6356320668228583,0.0011158684748753633,2.9203734511040444
setup_h4_vol_compress,d1_strong_up,M12_2,1671,0.533213644524237,7.646583724392199e-05,1.3951632994240806
setup_h4_vol_compress,d1_strong_up,M12_5,1671,0.5481747456612807,0.0002274323445825202,1.8353620030886364
setup_h4_vol_compress,d1_strong_up,M12_10,1671,0.5930580490724118,0.0004385138953001522,2.2112481427860713
setup_h4_vol_compress,d1_strong_up,H1_1,1671,0.5481747456612807,0.0002274323445825202,1.8353620030886364
setup_h4_vol_compress,d1_strong_up,H1_3,1671,0.634949132256134,0.0006124175724125322,2.3774695092471423
setup_h4_vol_compress,d1_strong_down,M12_2,1671,0.47456612806702575,-4.6204169181736864e-05,0.8428370658697348
setup_h4_vol_compress,d1_strong_down,M12_5,1671,0.45840813883901854,-0.00015776910318685727,0.7083797906170735
setup_h4_vol_compress,d1_strong_down,M12_10,1671,0.42190305206463197,-0.00036740376272070255,0.5949435478634605
setup_h4_vol_compress,d1_strong_down,H1_1,1671,0.45840813883901854,-0.00015776910318685727,0.7083797906170735
setup_h4_vol_compress,d1_strong_down,H1_3,1671,0.39916217833632556,-0.0005718600037981716,0.5298223844312043
setup_h4_vol_compress,d1_neutral,M12_2,3354,0.5134168157423972,6.052391107792181e-05,1.307978750438583
setup_h4_vol_compress,d1_neutral,M12_5,3354,0.545020870602266,0.00016392682713270294,1.5693994542790086
setup_h4_vol_compress,d1_neutral,M12_10,3354,0.5855694692903995,0.0002753609710900734,1.7020912738317606
setup_h4_vol_compress,d1_neutral,H1_1,3354,0.545020870602266,0.00016392682713270294,1.5693994542790086
setup_h4_vol_compress,d1_neutral,H1_3,3354,0.5924269528920691,0.00032953226505321137,1.655556395682085
setup_h4_vol_compress,h4_up,M12_2,3518,0.5147811256395679,5.726375549385129e-05,1.28052704323426
setup_h4_vol_compress,h4_up,M12_5,3518,0.5295622512791359,0.00014588853506977229,1.4591040244877787
setup_h4_vol_compress,h4_up,M12_10,3518,0.533826037521319,0.00016845620894601196,1.3422264977597154
setup_h4_vol_compress,h4_up,H1_1,3518,0.5295622512791359,0.00014588853506977229,1.4591040244877787
setup_h4_vol_compress,h4_up,H1_3,3518,0.5372370665150654,0.00016790363213907194,1.2689788318891624
setup_h4_vol_compress,h4_down,M12_2,3178,0.5018879798615481,1.6289881739105835e-05,1.0737231378263934
setup_h4_vol_compress,h4_down,M12_5,3178,0.5182504719949654,4.810831446602152e-05,1.1361256185102486
setup_h4_vol_compress,h4_down,M12_10,3178,0.5607300188797986,0.0001410420687705849,1.2725762292348965
setup_h4_vol_compress,h4_down,H1_1,3178,0.5182504719949654,4.810831446602152e-05,1.1361256185102486
setup_h4_vol_compress,h4_down,H1_3,3178,0.5742605412208936,0.00018265873503805845,1.2623334543070546
setup_h4_vol_compress,h1_up,M12_2,3561,0.499297950014041,2.4044171161567045e-05,1.1171877034966413
setup_h4_vol_compress,h1_up,M12_5,3561,0.5051951698960966,6.0713487964905515e-05,1.1834295036750833
setup_h4_vol_compress,h1_up,M12_10,3561,0.5037910699241785,4.124722267425101e-05,1.0823604605740764
setup_h4_vol_compress,h1_up,H1_1,3561,0.5051951698960966,6.0713487964905515e-05,1.1834295036750833
setup_h4_vol_compress,h1_up,H1_3,3561,0.5099691098006178,3.5513391517049396e-05,1.0565553710922535
setup_h4_vol_compress,h1_down,M12_2,3135,0.519298245614035,5.347039554044506e-05,1.2379548348329734
setup_h4_vol_compress,h1_down,M12_5,3135,0.5457735247208931,0.00014349193453296066,1.4194293764349033
setup_h4_vol_compress,h1_down,M12_10,3135,0.5952153110047846,0.0002851309577762527,1.5915549399278235
setup_h4_vol_compress,h1_down,H1_1,3135,0.5457735247208931,0.00014349193453296066,1.4194293764349033
setup_h4_vol_compress,h1_down,H1_3,3135,0.6057416267942584,0.000333203393352226,1.509740777350081
setup_h4_vol_compress,vol_low,M12_2,2210,0.5199095022624435,4.5587603212644123e-05,1.305025898316389
setup_h4_vol_compress,vol_low,M12_5,2210,0.5420814479638009,9.712153169604768e-05,1.4142776187787705
setup_h4_vol_compress,vol_low,M12_10,2210,0.5515837104072399,0.00017392139210191214,1.5097189703481515
setup_h4_vol_compress,vol_low,H1_1,2210,0.5420814479638009,9.712153169604768e-05,1.4142776187787705
setup_h4_vol_compress,vol_low,H1_3,2210,0.5710407239819004,0.00025987840239503066,1.5831424927285305
setup_h4_vol_compress,vol_high,M12_2,2277,0.5085638998682477,5.0855684677466836e-05,1.1680319154490333
setup_h4_vol_compress,vol_high,M12_5,2277,0.5125164690382081,0.00012415084726902724,1.255535035301811
setup_h4_vol_compress,vol_high,M12_10,2277,0.5428194993412385,0.00016573414092439635,1.2273919935145774
setup_h4_vol_compress,vol_high,H1_1,2277,0.5125164690382081,0.00012415084726902724,1.255535035301811
setup_h4_vol_compress,vol_high,H1_3,2277,0.546772068511199,0.00011555574722436012,1.1198439566594918
setup_h4_vol_compress,vol_normal,M12_2,2209,0.49751018560434584,1.6803808718546986e-05,1.0896902428753736
setup_h4_vol_compress,vol_normal,M12_5,2209,0.5183340878225441,7.707075059654877e-05,1.26360133003111
setup_h4_vol_compress,vol_normal,M12_10,2209,0.5454956994114984,0.00012688397625966713,1.2906148246901936
setup_h4_vol_compress,vol_normal,H1_1,2209,0.5183340878225441,7.707075059654877e-05,1.26360133003111
setup_h4_vol_compress,vol_normal,H1_3,2209,0.5468537799909461,0.0001518339467744789,1.273553996698607
setup_h1_trend_pullback_long,d1_strong_up,M12_2,11367,0.570511128705903,0.0002112005206330615,1.7404731470743933
setup_h1_trend_pullback_long,d1_strong_up,M12_5,11367,0.5973431864168206,0.00046718009580355637,2.11791301194427
setup_h1_trend_pullback_long,d1_strong_up,M12_10,11367,0.6294536817102138,0.0009031452292766515,2.7619529739527287
setup_h1_trend_pullback_long,d1_strong_up,H1_1,11367,0.5973431864168206,0.00046718009580355637,2.11791301194427
setup_h1_trend_pullback_long,d1_strong_up,H1_3,11367,0.660244567607988,0.0014160685127884204,3.6519138429692695
setup_h1_trend_pullback_long,d1_strong_down,M12_2,11367,0.47338787718835224,-7.963069808167268e-05,0.8118710243580665
setup_h1_trend_pullback_long,d1_strong_down,M12_5,11367,0.4240344857922055,-0.0003572438717901979,0.5569362245761276
setup_h1_trend_pullback_long,d1_strong_down,M12_10,11367,0.3678191255388405,-0.0008426027459726716,0.38451493626084965
setup_h1_trend_pullback_long,d1_strong_down,H1_1,11367,0.4240344857922055,-0.0003572438717901979,0.5569362245761276
setup_h1_trend_pullback_long,d1_strong_down,H1_3,11367,0.3321016978974224,-0.0013507874054563148,0.29238382813972147
setup_h1_trend_pullback_long,d1_neutral,M12_2,22788,0.5437949798139372,0.00012602599441748807,1.39523328482795
setup_h1_trend_pullback_long,d1_neutral,M12_5,22787,0.5477245798042744,0.0002450451270603481,1.494478925199417
setup_h1_trend_pullback_long,d1_neutral,M12_10,22784,0.5517468398876404,0.00038034644978424223,1.5483536567399525
setup_h1_trend_pullback_long,d1_neutral,H1_1,22787,0.5477245798042744,0.0002450451270603481,1.494478925199417
setup_h1_trend_pullback_long,d1_neutral,H1_3,22783,0.5563797568362375,0.0005028813020729365,1.5973975802059428
setup_h1_trend_pullback_long,h4_up,M12_2,39615,0.557692793133914,0.00016588577024587354,1.5625692091087913
setup_h1_trend_pullback_long,h4_up,M12_5,39615,0.5685472674491986,0.0003299137427461615,1.7446759499376836
setup_h1_trend_pullback_long,h4_up,M12_10,39615,0.5722579830872144,0.0005051061017429597,1.8029294956727306
setup_h1_trend_pullback_long,h4_up,H1_1,39615,0.5685472674491986,0.0003299137427461615,1.7446759499376836
setup_h1_trend_pullback_long,h4_up,H1_3,39615,0.5709705919474947,0.0006357599042333645,1.7963064669196054
setup_h1_trend_pullback_long,h4_down,M12_2,5900,0.36627118644067796,-0.0003731007256788343,0.37837068017696784
setup_h1_trend_pullback_long,h4_down,M12_5,5900,0.2652542372881356,-0.0010559471982539983,0.18171450873874986
setup_h1_trend_pullback_long,h4_down,M12_10,5900,0.2094915254237288,-0.0018040415474972094,0.1286833284509602
setup_h1_trend_pullback_long,h4_down,H1_1,5900,0.2652542372881356,-0.0010559471982539983,0.18171450873874986
setup_h1_trend_pullback_long,h4_down,H1_3,5900,0.22661016949152543,-0.002199741192233409,0.15022606457555088
setup_h1_trend_pullback_long,h1_up,M12_2,45522,0.5328851983656254,9.594469141068678e-05,1.2903946677666054
setup_h1_trend_pullback_long,h1_up,M12_5,45521,0.5292282682717866,0.00015011275357320654,1.2741602269887813
setup_h1_trend_pullback_long,h1_up,M12_10,45518,0.5252207917746825,0.00020549183419184996,1.2536837063032047
setup_h1_trend_pullback_long,h1_up,H1_1,45521,0.5292282682717866,0.00015011275357320654,1.2741602269887813
setup_h1_trend_pullback_long,h1_up,H1_3,45517,0.5263088516378496,0.00026795543107405455,1.2613454609434587
setup_h1_trend_pullback_long,vol_low,M12_2,15022,0.5208361070430036,5.342530536696781e-05,1.2421596384899565
setup_h1_trend_pullback_long,vol_low,M12_5,15022,0.5222340567168153,9.62217982222297e-05,1.2601323250162113
setup_h1_trend_pullback_long,vol_low,M12_10,15022,0.522899747037678,0.00014441517065644552,1.2506096250848375
setup_h1_trend_pullback_long,vol_low,H1_1,15022,0.5222340567168153,9.62217982222297e-05,1.2601323250162113
setup_h1_trend_pullback_long,vol_low,H1_3,15022,0.5205698309146585,0.00017097551547462844,1.2303840348825517
setup_h1_trend_pullback_long,vol_high,M12_2,15478,0.5508463625791445,0.000149417662564706,1.329387212828383
setup_h1_trend_pullback_long,vol_high,M12_5,15477,0.5413193771402727,0.00022523152056578807,1.3043623664929727
setup_h1_trend_pullback_long,vol_high,M12_10,15474,0.5306320279177976,0.000302346481506005,1.2869445381942501
setup_h1_trend_pullback_long,vol_high,H1_1,15477,0.5413193771402727,0.00022523152056578807,1.3043623664929727
setup_h1_trend_pullback_long,vol_high,H1_3,15473,0.5348025592968396,0.0003915365218228157,1.2989282643684161
setup_h1_trend_pullback_long,vol_normal,M12_2,15022,0.5264279057382506,8.404513720151354e-05,1.2673991735963406
setup_h1_trend_pullback_long,vol_normal,M12_5,15022,0.5237651444547996,0.00012748558127145793,1.240775292579261
setup_h1_trend_pullback_long,vol_normal,M12_10,15022,0.5219677805884703,0.00016726327021109196,1.2107965495004382
setup_h1_trend_pullback_long,vol_normal,H1_1,15022,0.5237651444547996,0.00012748558127145793,1.240775292579261
setup_h1_trend_pullback_long,vol_normal,H1_3,15022,0.5232991612301957,0.00023830018547434714,1.234385161615109
