setup,day_of_week,horizon,n,win_rate,expectancy,profit_factor
setup_h4_bull_engulf,Mon,M12_2,69,0.6666666666666666,0.0008572128478493764,4.465527027626549
setup_h4_bull_engulf,Mon,M12_5,69,0.7246376811594203,0.0014804401954802478,7.165383142862856
setup_h4_bull_engulf,Mon,M12_10,69,0.855072463768116,0.0025425457564889203,39.6568474884732
setup_h4_bull_engulf,Mon,H1_1,69,0.7246376811594203,0.0014804401954802478,7.165383142862856
setup_h4_bull_engulf,Mon,H1_3,69,0.927536231884058,0.003305511354678937,182.85926560253665
setup_h4_bull_engulf,Tue,M12_2,73,0.5616438356164384,0.0002541394265718106,1.8178446433300057
setup_h4_bull_engulf,Tue,M12_5,73,0.6986301369863014,0.0006681004437814578,3.2564269940353996
setup_h4_bull_engulf,Tue,M12_10,73,0.863013698630137,0.0014456461304722594,7.642018191121103
setup_h4_bull_engulf,Tue,H1_1,73,0.6986301369863014,0.0006681004437814578,3.2564269940353996
setup_h4_bull_engulf,Tue,H1_3,73,0.9041095890410958,0.0026827185803793277,91.36543373608532
setup_h4_bull_engulf,Wed,M12_2,76,0.631578947368421,0.0002558996502244825,1.6907761768376983
setup_h4_bull_engulf,Wed,M12_5,76,0.618421052631579,0.0008339745759634725,3.499702016070807
setup_h4_bull_engulf,Wed,M12_10,76,0.8157894736842105,0.002023752266032545,20.095532906697823
setup_h4_bull_engulf,Wed,H1_1,76,0.618421052631579,0.0008339745759634725,3.499702016070807
setup_h4_bull_engulf,Wed,H1_3,76,0.9342105263157895,0.003213309699528779,100.05597164391811
setup_h4_bull_engulf,Thu,M12_2,70,0.6,0.000606657340226678,3.4320401686998827
setup_h4_bull_engulf,Thu,M12_5,70,0.6714285714285714,0.0013195654717069942,5.725847230560982
setup_h4_bull_engulf,Thu,M12_10,70,0.7857142857142857,0.0024471625272300683,12.387966082506813
setup_h4_bull_engulf,Thu,H1_1,70,0.6714285714285714,0.0013195654717069942,5.725847230560982
setup_h4_bull_engulf,Thu,H1_3,70,0.8714285714285714,0.002967921327556166,22.55227174557234
setup_h4_bull_engulf,Fri,M12_2,61,0.5737704918032787,0.0003829562256782978,2.350176194203535
setup_h4_bull_engulf,Fri,M12_5,61,0.7049180327868853,0.001271326030670073,7.12277468956102
setup_h4_bull_engulf,Fri,M12_10,61,0.7540983606557377,0.0020652965781802974,11.682623126646902
setup_h4_bull_engulf,Fri,H1_1,61,0.7049180327868853,0.001271326030670073,7.12277468956102
setup_h4_bull_engulf,Fri,H1_3,61,0.819672131147541,0.003070469777320756,16.711149841665026
setup_h1_bull_engulf,Mon,M12_2,260,0.8038461538461539,0.0008652398933679235,11.157904778954332
setup_h1_bull_engulf,Mon,M12_5,260,0.85,0.0015176035268468107,18.702562749848116
setup_h1_bull_engulf,Mon,M12_10,260,0.7692307692307693,0.001414538941244371,4.383086801114352
setup_h1_bull_engulf,Mon,H1_1,260,0.85,0.0015176035268468107,18.702562749848116
setup_h1_bull_engulf,Mon,H1_3,260,0.6807692307692308,0.0013227718637636742,2.6239801761620654
setup_h1_bull_engulf,Tue,M12_2,288,0.7881944444444444,0.0007497695214556352,6.640741418486844
setup_h1_bull_engulf,Tue,M12_5,288,0.8611111111111112,0.0014656201296405905,17.8790229358213
setup_h1_bull_engulf,Tue,M12_10,288,0.7604166666666666,0.0013687840916545577,4.693947828572076
setup_h1_bull_engulf,Tue,H1_1,288,0.8611111111111112,0.0014656201296405905,17.8790229358213
setup_h1_bull_engulf,Tue,H1_3,288,0.7361111111111112,0.001465012600170846,3.9088085488610353
setup_h1_bull_engulf,Wed,M12_2,287,0.7770034843205574,0.000736880384386907,8.790426030333402
setup_h1_bull_engulf,Wed,M12_5,287,0.8222996515679443,0.0014263031284319453,9.665988508889457
setup_h1_bull_engulf,Wed,M12_10,287,0.7386759581881533,0.001442478334403793,4.288696932002038
setup_h1_bull_engulf,Wed,H1_1,287,0.8222996515679443,0.0014263031284319453,9.665988508889457
setup_h1_bull_engulf,Wed,H1_3,287,0.6759581881533101,0.0014224176609426526,2.9708074898108086
setup_h1_bull_engulf,Thu,M12_2,295,0.7966101694915254,0.0008799783420090393,8.999812892526988
setup_h1_bull_engulf,Thu,M12_5,295,0.8745762711864407,0.0015573361961924435,19.289913953506723
setup_h1_bull_engulf,Thu,M12_10,295,0.735593220338983,0.0016030670600096098,6.469704551703227
setup_h1_bull_engulf,Thu,H1_1,295,0.8745762711864407,0.0015573361961924435,19.289913953506723
setup_h1_bull_engulf,Thu,H1_3,295,0.711864406779661,0.0015871926434577032,3.7611722794546685
setup_h1_bull_engulf,Fri,M12_2,284,0.7746478873239436,0.0007567071242997201,7.343034836151166
setup_h1_bull_engulf,Fri,M12_5,284,0.8380281690140845,0.0015447410140328746,11.59455398179061
setup_h1_bull_engulf,Fri,M12_10,284,0.7535211267605634,0.0016325719576588595,5.056577654850051
setup_h1_bull_engulf,Fri,H1_1,284,0.8380281690140845,0.0015447410140328746,11.59455398179061
setup_h1_bull_engulf,Fri,H1_3,284,0.6971830985915493,0.0015412880621953522,3.012347458281857
setup_d1_breakout_up,Mon,M12_2,46,0.5217391304347826,0.00037140961210799326,1.675203986212319
setup_d1_breakout_up,Mon,M12_5,46,0.4782608695652174,0.0008130120653547507,2.200046000562312
setup_d1_breakout_up,Mon,M12_10,46,0.5217391304347826,0.0009820227924173647,2.002529453870594
setup_d1_breakout_up,Mon,H1_1,46,0.4782608695652174,0.0008130120653547507,2.200046000562312
setup_d1_breakout_up,Mon,H1_3,46,0.6304347826086957,0.0018254759675055531,2.6345318339292625
setup_d1_breakout_up,Tue,M12_2,53,0.5660377358490566,0.00018820420365089774,1.9106477254695005
setup_d1_breakout_up,Tue,M12_5,53,0.5283018867924528,0.00033137538641526986,1.8682243491857933
setup_d1_breakout_up,Tue,M12_10,53,0.6037735849056604,0.0010119417278282871,4.07396581516109
setup_d1_breakout_up,Tue,H1_1,53,0.5283018867924528,0.00033137538641526986,1.8682243491857933
setup_d1_breakout_up,Tue,H1_3,53,0.660377358490566,0.0019864351586785073,6.711155476262201
setup_d1_breakout_up,Wed,M12_2,52,0.6153846153846154,0.0003722691634872512,3.3480785425288846
setup_d1_breakout_up,Wed,M12_5,52,0.6538461538461539,0.0008876682445632296,4.263938842790692
setup_d1_breakout_up,Wed,M12_10,52,0.6153846153846154,0.0017704999462967435,7.750503528577655
setup_d1_breakout_up,Wed,H1_1,52,0.6538461538461539,0.0008876682445632296,4.263938842790692
setup_d1_breakout_up,Wed,H1_3,52,0.6538461538461539,0.0023920725614539804,9.211258907248006
setup_d1_breakout_up,Thu,M12_2,44,0.6818181818181818,0.0003363655392721477,3.0771268701880037
setup_d1_breakout_up,Thu,M12_5,44,0.7045454545454546,0.0004701341300694299,3.58117053571792
setup_d1_breakout_up,Thu,M12_10,44,0.6363636363636364,0.0006073310291865755,2.8633785464193173
setup_d1_breakout_up,Thu,H1_1,44,0.7045454545454546,0.0004701341300694299,3.58117053571792
setup_d1_breakout_up,Thu,H1_3,44,0.8181818181818182,0.0010410342429040137,4.656820682160337
setup_d1_breakout_up,Fri,M12_2,54,0.5185185185185185,-4.0398097421001715e-05,0.8824394809883488
setup_d1_breakout_up,Fri,M12_5,54,0.5925925925925926,0.00029506725429159276,2.7176951428074463
setup_d1_breakout_up,Fri,M12_10,54,0.6296296296296297,0.0006057898256275127,2.755779777880663
setup_d1_breakout_up,Fri,H1_1,54,0.5925925925925926,0.00029506725429159276,2.7176951428074463
setup_d1_breakout_up,Fri,H1_3,54,0.6666666666666666,0.001259730714589573,4.839335606515036
confluence_d1_h4_h1_long,Mon,M12_2,5569,0.5679655234332914,0.00019903842211751012,1.6813729905661143
confluence_d1_h4_h1_long,Mon,M12_5,5569,0.5857425031423954,0.00042565317052728176,2.002871939454601
confluence_d1_h4_h1_long,Mon,M12_10,5569,0.604596875561142,0.000737405343057631,2.3347110011390018
confluence_d1_h4_h1_long,Mon,H1_1,5569,0.5857425031423954,0.00042565317052728176,2.002871939454601
confluence_d1_h4_h1_long,Mon,H1_3,5569,0.6182438498832824,0.0010097221154130261,2.569544384200767
confluence_d1_h4_h1_long,Tue,M12_2,6513,0.5757715338553662,0.0002004277236043026,1.7362277582394516
confluence_d1_h4_h1_long,Tue,M12_5,6513,0.5964993090741594,0.0004424944512820226,2.1773574593505405
confluence_d1_h4_h1_long,Tue,M12_10,6513,0.6184553968985107,0.0007320667611259528,2.5186568793840562
confluence_d1_h4_h1_long,Tue,H1_1,6513,0.5964993090741594,0.0004424944512820226,2.1773574593505405
confluence_d1_h4_h1_long,Tue,H1_3,6513,0.6270535851374175,0.001031446247779027,2.8755747876724858
confluence_d1_h4_h1_long,Wed,M12_2,5881,0.5674205067165448,0.00021166381472958264,1.7048308760128943
confluence_d1_h4_h1_long,Wed,M12_5,5881,0.597347389899677,0.00046691131902798543,2.1130668287089125
confluence_d1_h4_h1_long,Wed,M12_10,5881,0.612310831491243,0.0007375997819668682,2.294322808906434
confluence_d1_h4_h1_long,Wed,H1_1,5881,0.597347389899677,0.00046691131902798543,2.1130668287089125
confluence_d1_h4_h1_long,Wed,H1_3,5881,0.6153715354531543,0.0009529391282785041,2.367074228124096
confluence_d1_h4_h1_long,Thu,M12_2,5640,0.5723404255319149,0.0002050145691991519,1.7655950956595141
confluence_d1_h4_h1_long,Thu,M12_5,5640,0.5925531914893617,0.00043494713556513565,2.1593806758684093
confluence_d1_h4_h1_long,Thu,M12_10,5640,0.6216312056737588,0.0007883130139505381,2.7518069751169483
confluence_d1_h4_h1_long,Thu,H1_1,5640,0.5925531914893617,0.00043494713556513565,2.1593806758684093
confluence_d1_h4_h1_long,Thu,H1_3,5640,0.6386524822695036,0.0011313699414660918,3.2601403572803456
confluence_d1_h4_h1_long,Fri,M12_2,6147,0.5796323409793395,0.00023272577947414146,1.8422792852234224
confluence_d1_h4_h1_long,Fri,M12_5,6147,0.6017569546120058,0.0004963156078471129,2.219193738069284
confluence_d1_h4_h1_long,Fri,M12_10,6147,0.6105417276720352,0.0008572683005206547,2.5423804371645
confluence_d1_h4_h1_long,Fri,H1_1,6147,0.6017569546120058,0.0004963156078471129,2.219193738069284
confluence_d1_h4_h1_long,Fri,H1_3,6147,0.6258337400357898,0.0011621677066758116,2.670616153855301
setup_h4_vol_compress,Mon,M12_2,1033,0.48596321393998065,-4.225932873766109e-05,0.8391778992880112
setup_h4_vol_compress,Mon,M12_5,1033,0.46950629235237173,-9.720979777336306e-05,0.7840242143110836
setup_h4_vol_compress,Mon,M12_10,1033,0.4888673765730881,-0.00010162284648035987,0.8433533239540449
setup_h4_vol_compress,Mon,H1_1,1033,0.46950629235237173,-9.720979777336306e-05,0.7840242143110836
setup_h4_vol_compress,Mon,H1_3,1033,0.5130687318489835,-7.89494038199686e-05,0.9027050557689952
setup_h4_vol_compress,Tue,M12_2,1220,0.519672131147541,6.101515912677026e-05,1.3240017631423766
setup_h4_vol_compress,Tue,M12_5,1220,0.5278688524590164,0.00015592843680420023,1.5914274102391224
setup_h4_vol_compress,Tue,M12_10,1220,0.5745901639344262,0.0002706484423364732,1.7305340066715533
setup_h4_vol_compress,Tue,H1_1,1220,0.5278688524590164,0.00015592843680420023,1.5914274102391224
setup_h4_vol_compress,Tue,H1_3,1220,0.6040983606557377,0.00033558361015029864,1.6440297706180214
setup_h4_vol_compress,Wed,M12_2,1434,0.5,1.3953136970098546e-05,1.0687406659311633
setup_h4_vol_compress,Wed,M12_5,1434,0.5404463040446305,1.4509032258085586e-05,1.0456586331264597
setup_h4_vol_compress,Wed,M12_10,1434,0.5223152022315202,-1.4208653045242594e-05,0.9810894686959578
setup_h4_vol_compress,Wed,H1_1,1434,0.5404463040446305,1.4509032258085586e-05,1.0456586331264597
setup_h4_vol_compress,Wed,H1_3,1434,0.5111576011157601,-5.4838544270743904e-05,0.9285913735467552
setup_h4_vol_compress,Thu,M12_2,1538,0.5130039011703511,2.963141143791183e-05,1.1428749585285352
setup_h4_vol_compress,Thu,M12_5,1538,0.5182054616384916,0.00010187119470658084,1.3247986917222525
setup_h4_vol_compress,Thu,M12_10,1538,0.5799739921976593,0.00023412987144802054,1.5349916831614772
setup_h4_vol_compress,Thu,H1_1,1538,0.5182054616384916,0.00010187119470658084,1.3247986917222525
setup_h4_vol_compress,Thu,H1_3,1538,0.6014304291287387,0.00032805451336259174,1.5591171036847455
setup_h4_vol_compress,Fri,M12_2,1471,0.5193745751189667,0.00010664342343885949,1.456401130213265
setup_h4_vol_compress,Fri,M12_5,1471,0.5499660095173351,0.0002716799896225436,1.6933889720461137
setup_h4_vol_compress,Fri,M12_10,1471,0.5526852481305234,0.00032422888818046545,1.5489420485359686
setup_h4_vol_compress,Fri,H1_1,1471,0.5499660095173351,0.0002716799896225436,1.6933889720461137
setup_h4_vol_compress,Fri,H1_3,1471,0.5370496261046906,0.0002839032167659478,1.3741464855645438
setup_h1_trend_pullback_long,Mon,M12_2,8268,0.5257619738751814,9.532188843935528e-05,1.2868135371319003
setup_h1_trend_pullback_long,Mon,M12_5,8268,0.5185050798258345,0.00015420058906357793,1.2858312565491716
setup_h1_trend_pullback_long,Mon,M12_10,8268,0.522133526850508,0.000255635844448236,1.3325278317584124
setup_h1_trend_pullback_long,Mon,H1_1,8268,0.5185050798258345,0.00015420058906357793,1.2858312565491716
setup_h1_trend_pullback_long,Mon,H1_3,8268,0.5285437832607643,0.0003611878939567242,1.3824582645593726
setup_h1_trend_pullback_long,Tue,M12_2,9262,0.5397322392571798,9.883294051331591e-05,1.3035090792380761
setup_h1_trend_pullback_long,Tue,M12_5,9262,0.5335780608939754,0.00017185161949625854,1.3314231146673268
setup_h1_trend_pullback_long,Tue,M12_10,9262,0.540488015547398,0.00024099706089383127,1.318887039854448
setup_h1_trend_pullback_long,Tue,H1_1,9262,0.5335780608939754,0.00017185161949625854,1.3314231146673268
setup_h1_trend_pullback_long,Tue,H1_3,9262,0.544050960915569,0.00034700764638778594,1.3705816567513975
setup_h1_trend_pullback_long,Wed,M12_2,9533,0.5212420014685828,8.181360168010469e-05,1.2425284952227107
setup_h1_trend_pullback_long,Wed,M12_5,9533,0.5244938634217979,0.0001281105751499721,1.2294441224577912
setup_h1_trend_pullback_long,Wed,M12_10,9533,0.510227630336725,0.00015255855802167153,1.1850666075022527
setup_h1_trend_pullback_long,Wed,H1_1,9533,0.5244938634217979,0.0001281105751499721,1.2294441224577912
setup_h1_trend_pullback_long,Wed,H1_3,9533,0.5052973880205601,0.00017891993681329755,1.1725172531471608
setup_h1_trend_pullback_long,Thu,M12_2,8895,0.5386172006745362,9.46984517607731e-05,1.291922365862179
setup_h1_trend_pullback_long,Thu,M12_5,8895,0.5302979201798763,0.00011620088278828334,1.2079496012698476
setup_h1_trend_pullback_long,Thu,M12_10,8895,0.5269252388982575,0.0001279036787755082,1.152998247094491
setup_h1_trend_pullback_long,Thu,H1_1,8895,0.5302979201798763,0.00011620088278828334,1.2079496012698476
setup_h1_trend_pullback_long,Thu,H1_3,8895,0.5277121978639685,0.00018326711345683982,1.1715391654699088
setup_h1_trend_pullback_long,Fri,M12_2,9564,0.5386867419489754,0.00010892041769014867,1.3286766367558895
setup_h1_trend_pullback_long,Fri,M12_5,9563,0.5380110843877445,0.00017902830698497522,1.3194004650086029
setup_h1_trend_pullback_long,Fri,M12_10,9560,0.5264644351464435,0.0002526393580466464,1.2958855736793413
setup_h1_trend_pullback_long,Fri,H1_1,9563,0.5380110843877445,0.00017902830698497522,1.3194004650086029
setup_h1_trend_pullback_long,Fri,H1_3,9559,0.5268333507689089,0.0002784180267261687,1.2469849280938754
